<?xml version="1.0" encoding="UTF-8"?>
<!DOCTYPE hibernate-configuration PUBLIC
	"-//Hibernate/Hibernate Configuration DTD 3.0//EN"
	"http://www.hibernate.org/dtd/hibernate-configuration-3.0.dtd">
	
	<hibernate-configuration>
	<session-factory>
	
	<property name="connection.driver_class">com.mysql.jdbc.Driver</property>
	<property name="connection.url">jdbc:mysql://localhost:3306/anudip99</property>
	<property name="connection.username">root</property>
	<property name="connection.password">12345</property>
	<property name="dialect">org.hibernate.dialect.MySQL8Dialect</property>
	<property name="hbm2ddl.auto">update</property>
	
	<property name="hibernate.cache.use_second_level_cache">true</property>
	<property name="hibernate.cache.region.factory_class">org.hibernate.cache.ehcache.EhCacheRegionFactory</property>
	
	<!-- 
	<property name="show_sql">true</property>
	<property name="format_sql">true</property>     --> 
	
	
	 
	 
	<mapping class="com.hibernate.Book"/> 
	<mapping class="com.hibernate.Author"/>
	<mapping class="com.hibernate.StudentEx"/>    
	
	<!--  
	     
	<mapping class="com.hibernate.onetomany.Book"/> 
	<mapping class="com.hibernate.onetomany.Author"/>    -->
	
	  <!-- 
	<mapping class="hibernate.com.assingment.Course"/>
	<mapping class="hibernate.com.assingment.Instructor"/>     -->
	
	
	
	
	
	</session-factory>
	</hibernate-configuration>